keyword,cluster,subcluster,source_status,search_volume,keyword_difficulty,intent,CPC,SERP_features,notes
KI-Agenten,KI-Agenten,KI-Agenten / AI,RECOVERED_DISCUSSION_TERM,,,,,,Also original theme #1 (theme list and discussed-term list both named this exact term)
AI agents,KI-Agenten,KI-Agenten / AI,RECOVERED_DISCUSSION_TERM,,,,,,Also original theme #2 (theme list and discussed-term list both named this exact term)
KI-Agent,KI-Agenten,KI-Agenten / AI,RECOVERED_DISCUSSION_TERM,,,,,,
AI Agent,KI-Agenten,KI-Agenten / AI,RECOVERED_DISCUSSION_TERM,,,,,,
KI-Agenten erstellen,KI-Agenten,KI-Agenten / AI,RECOVERED_DISCUSSION_TERM,,,,,,
KI Agent erstellen,KI-Agenten,KI-Agenten / AI,RECOVERED_DISCUSSION_TERM,,,,,,
KI-Agenten entwickeln,KI-Agenten,KI-Agenten / AI,RECOVERED_DISCUSSION_TERM,,,,,,
KI Agent Entwicklung,KI-Agenten,KI-Agenten / AI,RECOVERED_DISCUSSION_TERM,,,,,,
KI Agent Software,KI-Agenten,KI-Agenten / AI,RECOVERED_DISCUSSION_TERM,,,,,,
KI-Agenten Unternehmen,KI-Agenten,KI-Agenten / AI,RECOVERED_DISCUSSION_TERM,,,,,,
KI Agentur,KI-Agenten,KI-Agenten / AI,RECOVERED_DISCUSSION_TERM,,,,,,
KI-Agenten Agentur,KI-Agenten,KI-Agenten / AI,RECOVERED_DISCUSSION_TERM,,,,,,
AI Agentur,KI-Agenten,KI-Agenten / AI,RECOVERED_DISCUSSION_TERM,,,,,,
KI Lösungen Unternehmen,KI-Agenten,KI-Agenten / AI,RECOVERED_DISCUSSION_TERM,,,,,,
KI für Unternehmen,KI-Agenten,KI-Agenten / AI,RECOVERED_DISCUSSION_TERM,,,,,,
KI für KMU,KI-Agenten,KI-Agenten / AI,RECOVERED_DISCUSSION_TERM,,,,,,
KI Mittelstand,KI-Agenten,KI-Agenten / AI,RECOVERED_DISCUSSION_TERM,,,,,,
künstliche Intelligenz Unternehmen,KI-Agenten,KI-Agenten / AI,RECOVERED_DISCUSSION_TERM,,,,,,
KI-Automatisierung,KI-Automatisierung,KI automation,RECOVERED_DISCUSSION_TERM,,,,,,Also original theme #3 (theme list and discussed-term list both named this exact term)
KI Automatisierung,KI-Automatisierung,KI automation,RECOVERED_DISCUSSION_TERM,,,,,,"Near-duplicate of 'KI-Automatisierung' (space vs hyphen) — likely the same intent, kept as a separate row since it's a distinct search string"
KI Automation,KI-Automatisierung,KI automation,RECOVERED_DISCUSSION_TERM,,,,,,
KI Automatisierung Unternehmen,KI-Automatisierung,KI automation,RECOVERED_DISCUSSION_TERM,,,,,,
Prozesse mit KI automatisieren,KI-Automatisierung,KI automation,RECOVERED_DISCUSSION_TERM,,,,,,
Geschäftsprozesse automatisieren,KI-Automatisierung,KI automation,RECOVERED_DISCUSSION_TERM,,,,,,
Workflow Automatisierung,KI-Automatisierung,KI automation,RECOVERED_DISCUSSION_TERM,,,,,,
Unternehmensprozesse automatisieren,KI-Automatisierung,KI automation,RECOVERED_DISCUSSION_TERM,,,,,,
Automatisierung Agentur,KI-Automatisierung,KI automation,RECOVERED_DISCUSSION_TERM,,,,,,
Geschäftsautomatisierung,KI-Automatisierung,KI automation,RECOVERED_DISCUSSION_TERM,,,,,,
KI-Beratung,KI-Beratung,Original theme list,RECOVERED_DISCUSSION_TERM,,,,,,Original theme #4. Near-duplicate of 'KI Beratung' below (space vs hyphen) — kept as a separate row since it's a distinct search string
KI Beratung,KI-Beratung,KI consulting,RECOVERED_DISCUSSION_TERM,,,,,,
KI Beratung Unternehmen,KI-Beratung,KI consulting,RECOVERED_DISCUSSION_TERM,,,,,,
KI Beratung Mittelstand,KI-Beratung,KI consulting,RECOVERED_DISCUSSION_TERM,,,,,,
KI Consulting,KI-Beratung,KI consulting,RECOVERED_DISCUSSION_TERM,,,,,,
KI Strategie,KI-Beratung,KI consulting,RECOVERED_DISCUSSION_TERM,,,,,,
KI Strategie Unternehmen,KI-Beratung,KI consulting,RECOVERED_DISCUSSION_TERM,,,,,,
Chatbots,Chatbots,Original theme list,RECOVERED_DISCUSSION_TERM,,,,,,Original theme #5 (plural/standalone form)
KI Chatbot,Chatbots,Chatbots,RECOVERED_DISCUSSION_TERM,,,,,,
Chatbot erstellen,Chatbots,Chatbots,RECOVERED_DISCUSSION_TERM,,,,,,
Chatbot Agentur,Chatbots,Chatbots,RECOVERED_DISCUSSION_TERM,,,,,,
Chatbot für Unternehmen,Chatbots,Chatbots,RECOVERED_DISCUSSION_TERM,,,,,,
Kundenservice Chatbot,Chatbots,Chatbots,RECOVERED_DISCUSSION_TERM,,,,,,
WhatsApp Chatbot,Chatbots,Chatbots,RECOVERED_DISCUSSION_TERM,,,,,,
Website Chatbot,Chatbots,Chatbots,RECOVERED_DISCUSSION_TERM,,,,,,
Digital Marketing,Digital Marketing,Original theme list,RECOVERED_DISCUSSION_TERM,,,,,,Original theme #6
Digital Marketing Agentur,Digital Marketing,Digital marketing,RECOVERED_DISCUSSION_TERM,,,,,,
Online Marketing Agentur,Digital Marketing,Digital marketing,RECOVERED_DISCUSSION_TERM,,,,,,
digitales Marketing,Digital Marketing,Digital marketing,RECOVERED_DISCUSSION_TERM,,,,,,
Digital Marketing Bayern,Digital Marketing,Digital marketing,RECOVERED_DISCUSSION_TERM,,,,,,
Marketing Agentur Ansbach,Digital Marketing,Digital marketing,RECOVERED_DISCUSSION_TERM,,,,,,Local/Ansbach-specific
Online Marketing Ansbach,Digital Marketing,Digital marketing,RECOVERED_DISCUSSION_TERM,,,,,,Local/Ansbach-specific
SEO,SEO,Original theme list,RECOVERED_DISCUSSION_TERM,,,,,,Original theme #7
SEO Agentur,SEO,SEO,RECOVERED_DISCUSSION_TERM,,,,,,
SEO Agentur Ansbach,SEO,SEO,RECOVERED_DISCUSSION_TERM,,,,,,Local/Ansbach-specific
Suchmaschinenoptimierung Ansbach,SEO,SEO,RECOVERED_DISCUSSION_TERM,,,,,,Local/Ansbach-specific
SEO Beratung,SEO,SEO,RECOVERED_DISCUSSION_TERM,,,,,,
SEO Unternehmen,SEO,SEO,RECOVERED_DISCUSSION_TERM,,,,,,
lokale SEO Agentur,SEO,SEO,RECOVERED_DISCUSSION_TERM,,,,,,Local-intent term
Local SEO,SEO,SEO,RECOVERED_DISCUSSION_TERM,,,,,,Also original theme #12 ('Local SEO / lokale Suche') — the 'Local SEO' half of that theme; see 'lokale Suche' in the Local SEO / lokale Suche cluster for the other half
SEO Ansbach,SEO,SEO,RECOVERED_DISCUSSION_TERM,,,,,,Local/Ansbach-specific
SEO Nürnberg,SEO,SEO,RECOVERED_DISCUSSION_TERM,,,,,,Local (Nürnberg)
SEO Fürth,SEO,SEO,RECOVERED_DISCUSSION_TERM,,,,,,Local (Fürth)
SEO Rothenburg,SEO,SEO,RECOVERED_DISCUSSION_TERM,,,,,,Local (Rothenburg)
SEO Mittelfranken,SEO,SEO,RECOVERED_DISCUSSION_TERM,,,,,,Local (Mittelfranken region)
Google Maps SEO,SEO,SEO,RECOVERED_DISCUSSION_TERM,,,,,,Local-intent / Google Business Profile adjacent
Google Unternehmensprofil optimieren,SEO,SEO,RECOVERED_DISCUSSION_TERM,,,,,,Local-intent / Google Business Profile adjacent
lokale Suche,Local SEO / lokale Suche,Original theme list,RECOVERED_DISCUSSION_TERM,,,,,,Original theme #12 ('Local SEO / lokale Suche') — the 'lokale Suche' half; the 'Local SEO' half is recorded under the SEO cluster to avoid duplicating an identical string
Webdesign,Webdesign,Original theme list,RECOVERED_DISCUSSION_TERM,,,,,,Original theme #8
Webdesign Ansbach,Webdesign,Webdesign / development,RECOVERED_DISCUSSION_TERM,,,,,,Local/Ansbach-specific
Webdesign Agentur,Webdesign,Webdesign / development,RECOVERED_DISCUSSION_TERM,,,,,,
Website erstellen lassen,Webdesign,Webdesign / development,RECOVERED_DISCUSSION_TERM,,,,,,Judgment call: generic 'website' term mapped to Webdesign cluster
Website Agentur Ansbach,Webdesign,Webdesign / development,RECOVERED_DISCUSSION_TERM,,,,,,Local/Ansbach-specific; judgment call: mapped to Webdesign cluster
professionelle Website,Webdesign,Webdesign / development,RECOVERED_DISCUSSION_TERM,,,,,,Judgment call: generic 'website' term mapped to Webdesign cluster
Unternehmenswebsite erstellen,Webdesign,Webdesign / development,RECOVERED_DISCUSSION_TERM,,,,,,Judgment call: generic 'website' term mapped to Webdesign cluster
Webentwicklung,Webentwicklung,Original theme list,RECOVERED_DISCUSSION_TERM,,,,,,Original theme #9
Webentwicklung Ansbach,Webentwicklung,Webdesign / development,RECOVERED_DISCUSSION_TERM,,,,,,Local/Ansbach-specific
Webentwicklung Agentur,Webentwicklung,Webdesign / development,RECOVERED_DISCUSSION_TERM,,,,,,
Website Entwicklung,Webentwicklung,Webdesign / development,RECOVERED_DISCUSSION_TERM,,,,,,
individuelle Webentwicklung,Webentwicklung,Webdesign / development,RECOVERED_DISCUSSION_TERM,,,,,,
Automation,Automation,Original theme list,RECOVERED_DISCUSSION_TERM,,,,,,"Original theme #10 — standalone/generic automation term, kept distinct from the KI-Automatisierung cluster since the original theme list separated them"
Leadgenerierung,Leadgenerierung,Lead generation,RECOVERED_DISCUSSION_TERM,,,,,,Also original theme #11 (theme list and discussed-term list both named this exact term)
Leads generieren,Leadgenerierung,Lead generation,RECOVERED_DISCUSSION_TERM,,,,,,
B2B Leadgenerierung,Leadgenerierung,Lead generation,RECOVERED_DISCUSSION_TERM,,,,,,
automatisierte Leadgenerierung,Leadgenerierung,Lead generation,RECOVERED_DISCUSSION_TERM,,,,,,
KI Leadgenerierung,Leadgenerierung,Lead generation,RECOVERED_DISCUSSION_TERM,,,,,,
E-Commerce,E-Commerce,Original theme list,RECOVERED_DISCUSSION_TERM,,,,,,Original theme #13
E-Commerce Agentur,E-Commerce,E-commerce,RECOVERED_DISCUSSION_TERM,,,,,,
E-Commerce Automatisierung,E-Commerce,E-commerce,RECOVERED_DISCUSSION_TERM,,,,,,
KI E-Commerce,E-Commerce,E-commerce,RECOVERED_DISCUSSION_TERM,,,,,,
Online Shop Agentur,E-Commerce,E-commerce,RECOVERED_DISCUSSION_TERM,,,,,,
Shop Automatisierung,E-Commerce,E-commerce,RECOVERED_DISCUSSION_TERM,,,,,,
Social Media Agentur,Social & Content,Social/content,RECOVERED_DISCUSSION_TERM,,,,,,"This cluster was not among the original 13 theme names — it only appears in the discussed-term list, so treat it as a lower-confidence recovered grouping"
Social Media Marketing Ansbach,Social & Content,Social/content,RECOVERED_DISCUSSION_TERM,,,,,,"Local/Ansbach-specific. This cluster was not among the original 13 theme names — it only appears in the discussed-term list, so treat it as a lower-confidence recovered grouping"
Social Media Automatisierung,Social & Content,Social/content,RECOVERED_DISCUSSION_TERM,,,,,,"This cluster was not among the original 13 theme names — it only appears in the discussed-term list, so treat it as a lower-confidence recovered grouping"
KI Social Media,Social & Content,Social/content,RECOVERED_DISCUSSION_TERM,,,,,,"This cluster was not among the original 13 theme names — it only appears in the discussed-term list, so treat it as a lower-confidence recovered grouping"
Social Media Content erstellen,Social & Content,Social/content,RECOVERED_DISCUSSION_TERM,,,,,,"This cluster was not among the original 13 theme names — it only appears in the discussed-term list, so treat it as a lower-confidence recovered grouping"
KI Content erstellen,Social & Content,Social/content,RECOVERED_DISCUSSION_TERM,,,,,,"This cluster was not among the original 13 theme names — it only appears in the discussed-term list, so treat it as a lower-confidence recovered grouping"
KI Texte erstellen,Social & Content,Social/content,RECOVERED_DISCUSSION_TERM,,,,,,"This cluster was not among the original 13 theme names — it only appears in the discussed-term list, so treat it as a lower-confidence recovered grouping"
Content Marketing Agentur,Social & Content,Social/content,RECOVERED_DISCUSSION_TERM,,,,,,"This cluster was not among the original 13 theme names — it only appears in the discussed-term list, so treat it as a lower-confidence recovered grouping"
KI Content Marketing,Social & Content,Social/content,RECOVERED_DISCUSSION_TERM,,,,,,"This cluster was not among the original 13 theme names — it only appears in the discussed-term list, so treat it as a lower-confidence recovered grouping"
